Original,With_Missing,Imputed,Was_Missing
80.53,,37.711999999999996,True
62.19,62.19,62.19,False
38.65,38.65,38.65,False
41.44,41.44,41.44,False
74.41,74.41,74.41,False
98.24,98.24,98.24,False
33.26,33.26,33.26,False
59.23,,29.8,True
16.88,16.88,16.88,False
69.14,69.14,69.14,False
88.67,88.67,88.67,False
38.81,38.81,38.81,False
30.56,30.56,30.56,False
58.37,58.37,58.37,False
48.01,,71.786,True
64.31,64.31,64.31,False
13.04,13.04,13.04,False
93.14,93.14,93.14,False
14.01,14.01,14.01,False
36.45,36.45,36.45,False
49.55,49.55,49.55,False
17.72,17.72,17.72,False
76.71,76.71,76.71,False
20.42,20.42,20.42,False
51.84,51.84,51.84,False
51.06,51.06,51.06,False
53.04,53.04,53.04,False
26.17,26.17,26.17,False
87.32,87.32,87.32,False
82.7,,47.332,True
66.24,,72.012,True
18.38,18.38,18.38,False
42.99,,37.134,True
98.47,98.47,98.47,False
14.51,14.51,14.51,False
17.75,17.75,17.75,False
19.81,19.81,19.81,False
82.52,82.52,82.52,False
32.53,32.53,32.53,False
96.98,96.98,96.98,False
96.39,96.39,96.39,False
98.09,98.09,98.09,False
39.77,39.77,39.77,False
74.12,,56.497,True
92.95,,28.241000000000003,True
20.33,,71.776,True
27.33,27.33,27.33,False
21.01,21.01,21.01,False
13.66,13.66,13.66,False
75.84,75.84,75.84,False
59.69,59.69,59.69,False
21.72,,53.311,True
85.58,,61.461,True
75.11,75.11,75.11,False
10.8,10.8,10.8,False
86.27,86.27,86.27,False
67.1,,41.285000000000004,True
76.43,76.43,76.43,False
43.4,43.4,43.4,False
93.32,93.32,93.32,False
35.6,35.6,35.6,False
42.73,42.73,42.73,False
73.37,73.37,73.37,False
73.18,,52.05,True
72.35,72.35,72.35,False
87.68,87.68,87.68,False
67.16,67.16,67.16,False
83.43,,27.772,True
28.66,28.66,28.66,False
55.04,55.04,55.04,False
43.51,,46.789,True
20.73,20.73,20.73,False
78.19,78.19,78.19,False
29.02,,37.556999999999995,True
87.56,87.56,87.56,False
24.65,24.65,24.65,False
17.88,17.88,17.88,False
21.01,21.01,21.01,False
60.25,60.25,60.25,False
6.63,6.63,6.63,False
5.8,,38.171,True
70.26,70.26,70.26,False
62.08,62.08,62.08,False
90.2,90.2,90.2,False
44.17,44.17,44.17,False
55.18,55.18,55.18,False
41.32,41.32,41.32,False
32.92,,70.796,True
15.16,,52.315,True
62.5,62.5,62.5,False
68.91,68.91,68.91,False
81.26,81.26,81.26,False
58.31,58.31,58.31,False
88.65,,63.479,True
1.51,1.51,1.51,False
49.23,49.23,49.23,False
84.53,,56.734,True
90.63,90.63,90.63,False
80.26,80.26,80.26,False
22.87,22.87,22.87,False
23.79,23.79,23.79,False
35.43,35.43,35.43,False
74.77,,50.927,True
66.66,66.66,66.66,False
78.13,,50.653000000000006,True
11.39,11.39,11.39,False
87.84,87.84,87.84,False
10.18,10.18,10.18,False
4.42,,32.653,True
76.98,76.98,76.98,False
73.24,73.24,73.24,False
8.11,,36.095,True
23.55,23.55,23.55,False
92.79,92.79,92.79,False
71.11,71.11,71.11,False
57.34,57.34,57.34,False
81.26,81.26,81.26,False
7.32,7.32,7.32,False
56.27,56.27,56.27,False
83.76,83.76,83.76,False
85.64,,43.821,True
61.39,61.39,61.39,False
42.14,42.14,42.14,False
94.4,94.4,94.4,False
84.68,,71.307,True
93.33,93.33,93.33,False
70.46,70.46,70.46,False
48.71,48.71,48.71,False
69.03,69.03,69.03,False
49.19,49.19,49.19,False
27.2,27.2,27.2,False
64.08,64.08,64.08,False
38.46,38.46,38.46,False
80.89,80.89,80.89,False
15.76,,85.61500000000001,True
82.24,,43.345,True
82.72,82.72,82.72,False
18.96,18.96,18.96,False
53.39,53.39,53.39,False
48.9,,53.425,True
60.77,60.77,60.77,False
91.24,,69.995,True
41.36,41.36,41.36,False
78.18,78.18,78.18,False
16.16,,47.891999999999996,True
15.63,15.63,15.63,False
36.29,36.29,36.29,False
61.41,61.41,61.41,False
53.72,53.72,53.72,False
17.4,,42.501999999999995,True
75.94,75.94,75.94,False
55.9,55.9,55.9,False
56.76,,43.666000000000004,True
76.25,76.25,76.25,False
75.23,75.23,75.23,False
3.93,3.93,3.93,False
99.41,99.41,99.41,False
32.89,32.89,32.89,False
21.66,21.66,21.66,False
85.86,85.86,85.86,False
80.23,80.23,80.23,False
31.92,31.92,31.92,False
39.03,,63.105000000000004,True
99.03,99.03,99.03,False
25.1,25.1,25.1,False
67.27,67.27,67.27,False
29.89,29.89,29.89,False
15.92,15.92,15.92,False
95.93,,58.99000000000001,True
12.61,12.61,12.61,False
39.92,,36.766000000000005,True
19.36,19.36,19.36,False
70.47,70.47,70.47,False
53.34,,45.068,True
84.15,,43.591,True
27.64,,64.73599999999999,True
9.01,9.01,9.01,False
9.08,,74.869,True
67.9,,57.67100000000001,True
71.12,71.12,71.12,False
6.08,6.08,6.08,False
90.85,90.85,90.85,False
77.32,77.32,77.32,False
12.01,,41.349999999999994,True
0.54,,65.53,True
95.33,95.33,95.33,False
62.77,62.77,62.77,False
83.06,83.06,83.06,False
71.64,,44.284000000000006,True
47.67,47.67,47.67,False
79.72,79.72,79.72,False
47.11,47.11,47.11,False
69.69,,46.29299999999999,True
81.31,81.31,81.31,False
83.88,,33.62500000000001,True
85.01,85.01,85.01,False
20.55,,34.17,True
60.08,60.08,60.08,False
46.95,46.95,46.95,False
47.2,,74.631,True
46.92,46.92,46.92,False
1.98,1.98,1.98,False
14.28,14.28,14.28,False
66.23,,35.747,True
95.66,95.66,95.66,False
90.13,90.13,90.13,False
84.9,84.9,84.9,False
71.19,71.19,71.19,False
99.29,99.29,99.29,False
22.84,22.84,22.84,False
82.19,,64.99000000000001,True
11.72,,67.874,True
27.08,27.08,27.08,False
30.74,30.74,30.74,False
79.61,79.61,79.61,False
99.22,99.22,99.22,False
29.48,29.48,29.48,False
7.87,7.87,7.87,False
86.77,,47.187,True
20.15,20.15,20.15,False
31.94,31.94,31.94,False
78.82,,45.995999999999995,True
65.62,65.62,65.62,False
75.53,75.53,75.53,False
36.06,36.06,36.06,False
68.07,68.07,68.07,False
26.29,26.29,26.29,False
26.12,,40.585,True
94.44,94.44,94.44,False
74.12,74.12,74.12,False
12.92,12.92,12.92,False
73.43,,58.233000000000004,True
99.19,99.19,99.19,False
22.71,,67.0,True
67.62,67.62,67.62,False
53.82,53.82,53.82,False
55.83,55.83,55.83,False
17.12,17.12,17.12,False
67.89,67.89,67.89,False
5.54,,66.774,True
55.28,55.28,55.28,False
57.52,57.52,57.52,False
74.65,74.65,74.65,False
49.14,49.14,49.14,False
36.04,36.04,36.04,False
14.09,14.09,14.09,False
66.36,,40.137,True
8.53,8.53,8.53,False
61.91,61.91,61.91,False
54.47,54.47,54.47,False
87.88,87.88,87.88,False
89.22,,70.75000000000001,True
64.92,64.92,64.92,False
6.59,6.59,6.59,False
48.0,,33.35099999999999,True
87.78,87.78,87.78,False
15.73,,52.013,True
30.26,,37.446,True
54.59,54.59,54.59,False
63.09,63.09,63.09,False
59.36,59.36,59.36,False
79.52,79.52,79.52,False
87.83,87.83,87.83,False
96.63,96.63,96.63,False
52.86,52.86,52.86,False
4.01,4.01,4.01,False
68.02,,31.464,True
67.17,67.17,67.17,False
37.45,37.45,37.45,False
36.78,36.78,36.78,False
40.66,,55.525999999999996,True
76.93,76.93,76.93,False
58.91,,54.79299999999999,True
93.6,93.6,93.6,False
47.39,47.39,47.39,False
3.21,3.21,3.21,False
98.75,98.75,98.75,False
27.45,27.45,27.45,False
23.98,23.98,23.98,False
79.93,79.93,79.93,False
3.66,3.66,3.66,False
72.78,72.78,72.78,False
73.88,,70.54899999999999,True
52.8,,63.95000000000001,True
94.6,94.6,94.6,False
1.62,1.62,1.62,False
0.82,0.82,0.82,False
90.91,90.91,90.91,False
32.84,32.84,32.84,False
63.33,,64.71799999999999,True
27.82,27.82,27.82,False
7.73,,43.652,True
46.98,46.98,46.98,False
80.11,80.11,80.11,False
11.81,11.81,11.81,False
15.09,15.09,15.09,False
20.69,,19.145,True
36.86,36.86,36.86,False
10.87,,63.35300000000001,True
18.17,18.17,18.17,False
13.89,13.89,13.89,False
15.63,15.63,15.63,False
32.72,32.72,32.72,False
97.03,97.03,97.03,False
75.63,75.63,75.63,False
64.21,64.21,64.21,False
99.14,99.14,99.14,False
75.51,75.51,75.51,False
11.68,11.68,11.68,False
33.84,,78.074,True
38.89,38.89,38.89,False
89.77,89.77,89.77,False
15.01,15.01,15.01,False
98.38,,19.039,True
23.49,,37.75700000000001,True
9.43,9.43,9.43,False
97.37,97.37,97.37,False
73.26,73.26,73.26,False
78.84,,40.61200000000001,True
3.51,3.51,3.51,False
25.32,25.32,25.32,False
58.78,,78.125,True
73.76,,50.502,True
27.06,27.06,27.06,False
77.82,,56.05500000000001,True
55.99,55.99,55.99,False
55.73,55.73,55.73,False
7.44,7.44,7.44,False
37.07,37.07,37.07,False
75.67,75.67,75.67,False
56.19,56.19,56.19,False
70.53,,32.714999999999996,True
63.77,,70.30600000000001,True
32.73,32.73,32.73,False
21.87,21.87,21.87,False
72.08,72.08,72.08,False
53.82,53.82,53.82,False
3.3,3.3,3.3,False
13.99,13.99,13.99,False
93.49,93.49,93.49,False
97.28,97.28,97.28,False
17.19,17.19,17.19,False
54.21,54.21,54.21,False
64.28,,35.154,True
71.31,71.31,71.31,False
52.31,52.31,52.31,False
40.94,40.94,40.94,False
32.21,32.21,32.21,False
20.44,20.44,20.44,False
59.66,59.66,59.66,False
56.33,56.33,56.33,False
2.24,,35.533,True
82.05,82.05,82.05,False
11.92,11.92,11.92,False
54.83,,52.199,True
36.17,36.17,36.17,False
80.06,80.06,80.06,False
74.85,74.85,74.85,False
74.01,74.01,74.01,False
46.2,46.2,46.2,False
9.59,9.59,9.59,False
81.19,81.19,81.19,False
42.8,42.8,42.8,False
32.65,32.65,32.65,False
17.99,17.99,17.99,False
30.68,,43.937000000000005,True
82.12,,60.084999999999994,True
94.63,,71.58500000000001,True
54.03,,46.977,True
10.54,10.54,10.54,False
34.41,34.41,34.41,False
84.27,84.27,84.27,False
35.08,35.08,35.08,False
45.11,45.11,45.11,False
92.57,92.57,92.57,False
13.49,13.49,13.49,False
8.42,8.42,8.42,False
92.5,92.5,92.5,False
63.8,63.8,63.8,False
40.86,40.86,40.86,False
79.24,79.24,79.24,False
37.15,37.15,37.15,False
62.06,62.06,62.06,False
31.03,31.03,31.03,False
82.54,82.54,82.54,False
34.4,34.4,34.4,False
72.2,72.2,72.2,False
52.23,,57.144000000000005,True
7.16,7.16,7.16,False
78.23,78.23,78.23,False
25.1,25.1,25.1,False
88.54,88.54,88.54,False
49.51,49.51,49.51,False
4.08,,58.355,True
89.31,89.31,89.31,False
88.55,88.55,88.55,False
5.26,5.26,5.26,False
17.57,17.57,17.57,False
8.01,8.01,8.01,False
39.86,39.86,39.86,False
11.61,11.61,11.61,False
73.98,73.98,73.98,False
65.86,,56.531000000000006,True
41.26,41.26,41.26,False
64.38,64.38,64.38,False
75.01,75.01,75.01,False
1.73,1.73,1.73,False
1.35,,73.89100000000002,True
70.88,,59.258,True
32.08,32.08,32.08,False
68.99,,66.08899999999998,True
9.77,,59.727999999999994,True
14.53,14.53,14.53,False
33.06,33.06,33.06,False
67.61,,44.653,True
85.3,,58.71299999999999,True
79.68,,40.791000000000004,True
61.87,61.87,61.87,False
4.92,4.92,4.92,False
99.97,99.97,99.97,False
95.42,,65.904,True
42.98,42.98,42.98,False
68.42,68.42,68.42,False
36.14,,60.465999999999994,True
69.76,69.76,69.76,False
3.02,3.02,3.02,False
86.29,86.29,86.29,False
6.31,6.31,6.31,False
27.46,27.46,27.46,False
69.28,69.28,69.28,False
68.96,,54.86899999999999,True
2.85,2.85,2.85,False
53.76,,50.357,True
25.83,,64.718,True
43.76,43.76,43.76,False
9.45,9.45,9.45,False
63.57,,42.388999999999996,True
11.3,11.3,11.3,False
82.11,82.11,82.11,False
5.21,,40.707,True
98.75,98.75,98.75,False
55.34,55.34,55.34,False
12.36,12.36,12.36,False
6.48,,74.604,True
56.53,56.53,56.53,False
41.15,41.15,41.15,False
39.83,39.83,39.83,False
47.59,47.59,47.59,False
98.06,98.06,98.06,False
57.27,57.27,57.27,False
82.49,,28.017999999999994,True
37.73,37.73,37.73,False
77.45,77.45,77.45,False
75.52,75.52,75.52,False
11.28,11.28,11.28,False
36.69,36.69,36.69,False
79.33,79.33,79.33,False
59.78,,28.535000000000004,True
38.65,38.65,38.65,False
85.29,85.29,85.29,False
37.49,,83.13499999999999,True
48.57,48.57,48.57,False
3.0,3.0,3.0,False
33.06,,42.16,True
70.9,70.9,70.9,False
38.12,38.12,38.12,False
35.19,35.19,35.19,False
88.9,88.9,88.9,False
7.96,7.96,7.96,False
66.38,66.38,66.38,False
91.45,91.45,91.45,False
63.65,,37.44799999999999,True
84.19,,65.54599999999999,True
28.35,28.35,28.35,False
84.23,84.23,84.23,False
29.89,29.89,29.89,False
5.95,5.95,5.95,False
84.85,84.85,84.85,False
28.82,,45.599000000000004,True
22.48,,58.14799999999999,True
97.37,97.37,97.37,False
53.32,53.32,53.32,False
63.11,63.11,63.11,False
70.19,70.19,70.19,False
92.29,92.29,92.29,False
98.07,,60.67199999999999,True
13.96,,70.27000000000001,True
56.9,56.9,56.9,False
32.69,32.69,32.69,False
70.09,70.09,70.09,False
22.62,22.62,22.62,False
47.91,47.91,47.91,False
20.58,20.58,20.58,False
26.29,26.29,26.29,False
33.51,33.51,33.51,False
68.28,,50.659000000000006,True
14.72,14.72,14.72,False
44.29,44.29,44.29,False
41.54,,38.282,True
90.67,90.67,90.67,False
34.94,34.94,34.94,False
83.73,83.73,83.73,False
64.62,64.62,64.62,False
86.38,86.38,86.38,False
25.7,25.7,25.7,False
56.2,56.2,56.2,False
11.38,,70.067,True
92.53,,59.504,True
88.6,88.6,88.6,False
30.4,30.4,30.4,False
90.7,90.7,90.7,False
45.38,,44.306,True
71.33,71.33,71.33,False
9.42,9.42,9.42,False
5.27,5.27,5.27,False
41.59,41.59,41.59,False
98.78,98.78,98.78,False
61.24,61.24,61.24,False
69.34,69.34,69.34,False
7.84,7.84,7.84,False
57.17,57.17,57.17,False
33.99,,57.29600000000001,True
22.45,22.45,22.45,False
27.78,27.78,27.78,False
47.12,47.12,47.12,False
48.77,48.77,48.77,False
92.35,92.35,92.35,False
88.98,,65.53399999999999,True
61.69,,45.735,True
84.57,84.57,84.57,False
67.87,67.87,67.87,False
59.7,59.7,59.7,False
90.21,,54.980999999999995,True
16.23,,45.747,True
16.91,16.91,16.91,False
41.88,,21.76,True
31.04,31.04,31.04,False
37.12,37.12,37.12,False
46.2,46.2,46.2,False
98.3,98.3,98.3,False
16.61,16.61,16.61,False
71.06,71.06,71.06,False
14.17,14.17,14.17,False
82.65,,70.97299999999998,True
78.27,,35.634,True
10.44,10.44,10.44,False
21.95,21.95,21.95,False
30.83,30.83,30.83,False
35.57,35.57,35.57,False
28.29,28.29,28.29,False
4.06,4.06,4.06,False
58.28,58.28,58.28,False
7.31,7.31,7.31,False
37.69,37.69,37.69,False
27.99,,58.556999999999995,True
71.55,,54.121000000000016,True
27.13,27.13,27.13,False
10.28,,47.859,True
31.35,31.35,31.35,False
80.1,80.1,80.1,False
42.19,42.19,42.19,False
40.98,40.98,40.98,False
58.8,58.8,58.8,False
3.33,3.33,3.33,False
58.98,,19.133999999999997,True
4.6,,48.75800000000001,True
96.91,96.91,96.91,False
85.91,,40.046,True
51.49,,23.771000000000004,True
3.99,3.99,3.99,False
3.44,3.44,3.44,False
52.7,52.7,52.7,False
11.58,,43.137,True
91.69,91.69,91.69,False
79.89,79.89,79.89,False
53.49,53.49,53.49,False
18.91,18.91,18.91,False
15.34,15.34,15.34,False
12.72,12.72,12.72,False
46.59,46.59,46.59,False
62.9,62.9,62.9,False
85.33,,63.479,True
85.15,85.15,85.15,False
53.53,53.53,53.53,False
4.32,4.32,4.32,False
31.68,31.68,31.68,False
84.77,84.77,84.77,False
82.87,82.87,82.87,False
5.32,5.32,5.32,False
31.48,31.48,31.48,False
86.0,86.0,86.0,False
35.47,35.47,35.47,False
94.75,94.75,94.75,False
39.59,39.59,39.59,False
70.52,,40.591,True
6.6,6.6,6.6,False
25.85,25.85,25.85,False
80.93,80.93,80.93,False
63.81,,39.246,True
3.63,,78.344,True
80.09,80.09,80.09,False
24.51,,62.196000000000005,True
56.23,,57.29600000000001,True
43.73,43.73,43.73,False
85.13,85.13,85.13,False
24.05,,48.864,True
32.72,32.72,32.72,False
81.75,81.75,81.75,False
42.46,42.46,42.46,False
14.54,14.54,14.54,False
38.92,,77.03599999999999,True
4.2,4.2,4.2,False
75.91,,53.355999999999995,True
44.95,44.95,44.95,False
35.79,35.79,35.79,False
62.44,62.44,62.44,False
19.93,19.93,19.93,False
75.31,75.31,75.31,False
76.4,76.4,76.4,False
28.69,28.69,28.69,False
23.93,23.93,23.93,False
30.44,,48.369,True
5.14,5.14,5.14,False
1.01,1.01,1.01,False
18.53,18.53,18.53,False
1.52,1.52,1.52,False
84.89,84.89,84.89,False
66.73,66.73,66.73,False
72.61,72.61,72.61,False
44.16,44.16,44.16,False
80.05,80.05,80.05,False
13.69,13.69,13.69,False
29.02,29.02,29.02,False
69.91,69.91,69.91,False
3.76,3.76,3.76,False
57.43,57.43,57.43,False
63.45,63.45,63.45,False
41.34,41.34,41.34,False
22.73,22.73,22.73,False
5.88,5.88,5.88,False
9.81,9.81,9.81,False
94.14,94.14,94.14,False
33.24,33.24,33.24,False
75.37,75.37,75.37,False
49.17,,61.538,True
94.87,94.87,94.87,False
28.71,28.71,28.71,False
42.5,42.5,42.5,False
53.07,53.07,53.07,False
99.78,99.78,99.78,False
82.87,,31.149,True
81.46,,60.334999999999994,True
33.66,33.66,33.66,False
99.28,99.28,99.28,False
14.86,14.86,14.86,False
33.75,33.75,33.75,False
82.03,82.03,82.03,False
9.53,9.53,9.53,False
6.09,6.09,6.09,False
29.05,29.05,29.05,False
89.48,89.48,89.48,False
75.2,75.2,75.2,False
29.33,29.33,29.33,False
65.96,65.96,65.96,False
95.2,95.2,95.2,False
16.02,16.02,16.02,False
11.19,11.19,11.19,False
27.42,27.42,27.42,False
17.38,17.38,17.38,False
99.53,99.53,99.53,False
55.05,,56.399,True
79.6,79.6,79.6,False
65.18,65.18,65.18,False
25.73,25.73,25.73,False
33.71,33.71,33.71,False
94.74,94.74,94.74,False
75.88,,62.062,True
75.25,75.25,75.25,False
90.37,,47.544000000000004,True
14.45,,46.31,True
54.47,,59.388,True
33.66,33.66,33.66,False
84.51,84.51,84.51,False
61.56,61.56,61.56,False
23.32,23.32,23.32,False
43.71,,43.075,True
2.84,2.84,2.84,False
71.4,71.4,71.4,False
90.87,90.87,90.87,False
78.94,78.94,78.94,False
34.33,34.33,34.33,False
40.64,,46.592999999999996,True
59.43,59.43,59.43,False
50.75,,26.604999999999997,True
72.18,72.18,72.18,False
23.35,,38.16799999999999,True
78.32,78.32,78.32,False
20.22,20.22,20.22,False
33.15,33.15,33.15,False
8.82,8.82,8.82,False
43.32,43.32,43.32,False
90.4,90.4,90.4,False
55.34,55.34,55.34,False
27.89,27.89,27.89,False
66.04,66.04,66.04,False
10.24,,49.587,True
43.82,43.82,43.82,False
3.17,3.17,3.17,False
72.73,72.73,72.73,False
16.09,16.09,16.09,False
98.14,98.14,98.14,False
51.91,51.91,51.91,False
55.9,55.9,55.9,False
30.68,30.68,30.68,False
65.2,65.2,65.2,False
81.92,81.92,81.92,False
97.87,97.87,97.87,False
24.22,24.22,24.22,False
3.27,,49.225,True
33.69,33.69,33.69,False
7.31,7.31,7.31,False
15.66,15.66,15.66,False
62.34,62.34,62.34,False
76.06,76.06,76.06,False
50.36,50.36,50.36,False
34.92,34.92,34.92,False
11.81,11.81,11.81,False
96.72,,39.914,True
44.34,44.34,44.34,False
67.72,,40.259,True
34.09,34.09,34.09,False
31.51,31.51,31.51,False
20.39,20.39,20.39,False
38.65,38.65,38.65,False
77.3,77.3,77.3,False
89.93,89.93,89.93,False
4.29,4.29,4.29,False
76.03,76.03,76.03,False
42.3,42.3,42.3,False
72.57,72.57,72.57,False
93.7,93.7,93.7,False
68.63,,51.39999999999999,True
52.7,52.7,52.7,False
66.56,66.56,66.56,False
91.03,91.03,91.03,False
14.74,14.74,14.74,False
40.29,,67.27700000000002,True
56.83,56.83,56.83,False
63.45,63.45,63.45,False
72.57,72.57,72.57,False
22.94,22.94,22.94,False
80.22,80.22,80.22,False
34.49,34.49,34.49,False
51.26,51.26,51.26,False
73.04,73.04,73.04,False
19.14,,45.15,True
38.72,38.72,38.72,False
14.88,14.88,14.88,False
54.05,54.05,54.05,False
42.29,,30.084000000000003,True
96.59,96.59,96.59,False
71.35,,67.63,True
54.5,54.5,54.5,False
94.48,94.48,94.48,False
73.63,,68.113,True
36.15,,43.609,True
19.18,19.18,19.18,False
83.18,83.18,83.18,False
70.98,70.98,70.98,False
7.99,7.99,7.99,False
74.74,74.74,74.74,False
33.12,33.12,33.12,False
54.1,,23.102,True
75.13,75.13,75.13,False
56.34,56.34,56.34,False
23.66,23.66,23.66,False
17.81,17.81,17.81,False
43.96,43.96,43.96,False
77.07,77.07,77.07,False
10.82,10.82,10.82,False
48.53,48.53,48.53,False
94.86,,39.798,True
15.92,15.92,15.92,False
11.28,,47.147000000000006,True
3.86,3.86,3.86,False
34.35,,73.978,True
84.92,84.92,84.92,False
74.57,,39.103,True
89.81,89.81,89.81,False
40.66,,77.416,True
69.83,69.83,69.83,False
79.58,79.58,79.58,False
79.07,79.07,79.07,False
81.56,81.56,81.56,False
62.81,,58.93299999999999,True
28.71,28.71,28.71,False
36.68,36.68,36.68,False
71.75,71.75,71.75,False
17.21,,67.494,True
48.47,48.47,48.47,False
11.72,11.72,11.72,False
1.35,1.35,1.35,False
20.13,20.13,20.13,False
14.99,14.99,14.99,False
28.8,28.8,28.8,False
99.49,99.49,99.49,False
6.3,6.3,6.3,False
95.75,,69.301,True
49.87,49.87,49.87,False
83.49,,58.234,True
83.84,,54.701,True
81.26,81.26,81.26,False
66.81,,35.162,True
88.87,88.87,88.87,False
75.08,75.08,75.08,False
56.57,56.57,56.57,False
96.27,96.27,96.27,False
45.6,,67.256,True
69.37,69.37,69.37,False
68.91,68.91,68.91,False
14.97,14.97,14.97,False
35.94,35.94,35.94,False
64.23,64.23,64.23,False
64.29,64.29,64.29,False
98.05,98.05,98.05,False
11.04,11.04,11.04,False
52.05,52.05,52.05,False
28.81,28.81,28.81,False
61.42,61.42,61.42,False
53.77,53.77,53.77,False
8.21,8.21,8.21,False
25.85,,48.235,True
67.52,67.52,67.52,False
23.91,23.91,23.91,False
86.98,86.98,86.98,False
63.67,63.67,63.67,False
61.03,61.03,61.03,False
39.94,39.94,39.94,False
74.05,74.05,74.05,False
7.52,7.52,7.52,False
29.47,,36.098,True
75.99,75.99,75.99,False
53.57,,60.836,True
76.08,76.08,76.08,False
69.19,,43.093999999999994,True
45.83,,56.31,True
14.77,14.77,14.77,False
53.81,,75.968,True
71.94,71.94,71.94,False
68.86,68.86,68.86,False
97.56,97.56,97.56,False
84.13,84.13,84.13,False
40.95,40.95,40.95,False
20.16,20.16,20.16,False
11.51,11.51,11.51,False
47.67,47.67,47.67,False
38.89,38.89,38.89,False
91.69,,43.04700000000001,True
17.94,17.94,17.94,False
30.5,,42.144999999999996,True
77.33,77.33,77.33,False
70.03,70.03,70.03,False
66.49,,59.972,True
5.33,5.33,5.33,False
10.46,,56.86900000000001,True
39.3,39.3,39.3,False
23.83,23.83,23.83,False
59.13,,57.854,True
30.24,30.24,30.24,False
86.82,86.82,86.82,False
66.39,66.39,66.39,False
61.11,61.11,61.11,False
7.65,7.65,7.65,False
9.82,9.82,9.82,False
67.28,,62.124,True
13.14,13.14,13.14,False
84.46,84.46,84.46,False
9.43,9.43,9.43,False
90.69,90.69,90.69,False
37.47,,67.59599999999998,True
7.2,7.2,7.2,False
94.15,,79.599,True
42.15,42.15,42.15,False
15.71,15.71,15.71,False
98.46,98.46,98.46,False
51.71,51.71,51.71,False
42.26,42.26,42.26,False
99.45,99.45,99.45,False
63.74,63.74,63.74,False
5.05,5.05,5.05,False
89.38,89.38,89.38,False
58.57,58.57,58.57,False
65.83,65.83,65.83,False
79.79,79.79,79.79,False
90.5,90.5,90.5,False
2.1,2.1,2.1,False
63.72,63.72,63.72,False
87.8,,43.30900000000001,True
82.45,82.45,82.45,False
66.19,66.19,66.19,False
39.62,,38.943,True
35.46,35.46,35.46,False
10.62,10.62,10.62,False
80.76,,40.068000000000005,True
10.45,10.45,10.45,False
0.95,0.95,0.95,False
27.14,27.14,27.14,False
54.79,,50.793000000000006,True
41.08,41.08,41.08,False
8.94,8.94,8.94,False
98.11,98.11,98.11,False
9.4,,67.435,True
46.39,,56.044999999999995,True
30.61,30.61,30.61,False
43.98,43.98,43.98,False
54.38,54.38,54.38,False
23.74,23.74,23.74,False
82.13,82.13,82.13,False
24.7,24.7,24.7,False
60.9,60.9,60.9,False
14.61,14.61,14.61,False
34.31,34.31,34.31,False
32.39,32.39,32.39,False
79.3,79.3,79.3,False
30.86,30.86,30.86,False
93.14,93.14,93.14,False
52.87,,65.44500000000001,True
29.61,,39.15,True
25.75,25.75,25.75,False
82.17,,58.044999999999995,True
60.07,,32.266999999999996,True
50.75,50.75,50.75,False
14.88,,34.682,True
73.98,73.98,73.98,False
42.33,42.33,42.33,False
77.98,77.98,77.98,False
8.55,8.55,8.55,False
30.57,30.57,30.57,False
36.98,36.98,36.98,False
24.06,24.06,24.06,False
50.66,50.66,50.66,False
79.27,79.27,79.27,False
71.86,,58.077,True
21.01,21.01,21.01,False
95.38,95.38,95.38,False
14.79,,39.7,True
45.97,45.97,45.97,False
76.39,76.39,76.39,False
68.55,68.55,68.55,False
9.86,,49.775999999999996,True
89.85,89.85,89.85,False
76.99,76.99,76.99,False
12.08,,71.281,True
39.72,39.72,39.72,False
37.73,37.73,37.73,False
78.03,78.03,78.03,False
6.77,6.77,6.77,False
71.92,71.92,71.92,False
95.79,,31.809999999999995,True
90.04,90.04,90.04,False
99.64,99.64,99.64,False
1.25,1.25,1.25,False
13.96,13.96,13.96,False
1.62,1.62,1.62,False
18.47,18.47,18.47,False
28.88,,53.948,True
19.5,19.5,19.5,False
29.63,29.63,29.63,False
57.24,57.24,57.24,False
3.2,3.2,3.2,False
79.19,79.19,79.19,False
80.5,80.5,80.5,False
71.2,71.2,71.2,False
12.04,12.04,12.04,False
29.05,29.05,29.05,False
28.18,28.18,28.18,False
39.26,39.26,39.26,False
57.21,57.21,57.21,False
83.88,,65.593,True
84.1,,71.059,True
39.49,39.49,39.49,False
46.76,46.76,46.76,False
80.68,80.68,80.68,False
86.56,86.56,86.56,False
66.25,66.25,66.25,False
78.76,78.76,78.76,False
97.68,97.68,97.68,False
14.94,14.94,14.94,False
59.29,59.29,59.29,False
39.55,39.55,39.55,False
14.04,14.04,14.04,False
63.79,63.79,63.79,False
37.03,37.03,37.03,False
9.12,9.12,9.12,False
52.04,52.04,52.04,False
59.13,59.13,59.13,False
64.67,64.67,64.67,False
52.78,52.78,52.78,False
7.44,,38.294000000000004,True
47.19,47.19,47.19,False
99.19,99.19,99.19,False
10.94,,41.778999999999996,True
48.86,48.86,48.86,False
80.48,80.48,80.48,False
69.96,69.96,69.96,False
18.96,,72.328,True
66.33,66.33,66.33,False
60.4,60.4,60.4,False
24.92,24.92,24.92,False
32.06,32.06,32.06,False
71.77,71.77,71.77,False
70.59,70.59,70.59,False
75.34,75.34,75.34,False
9.99,9.99,9.99,False
91.94,91.94,91.94,False
66.09,66.09,66.09,False
66.73,66.73,66.73,False
40.11,40.11,40.11,False
60.71,60.71,60.71,False
18.48,18.48,18.48,False
9.9,9.9,9.9,False
52.03,52.03,52.03,False
25.06,25.06,25.06,False
13.68,13.68,13.68,False
2.63,2.63,2.63,False
88.47,,58.319,True
50.04,50.04,50.04,False
19.52,,47.67399999999999,True
4.52,4.52,4.52,False
97.28,97.28,97.28,False
62.67,62.67,62.67,False
46.34,46.34,46.34,False
26.45,26.45,26.45,False
14.12,14.12,14.12,False
80.99,,64.297,True
30.51,30.51,30.51,False
69.45,,55.96,True
78.12,78.12,78.12,False
92.63,92.63,92.63,False
35.27,35.27,35.27,False
17.22,17.22,17.22,False
45.52,,76.152,True
99.04,99.04,99.04,False
56.44,56.44,56.44,False
73.24,,74.443,True
14.69,14.69,14.69,False
72.05,72.05,72.05,False
20.59,,60.311000000000014,True
68.44,68.44,68.44,False
8.81,8.81,8.81,False
51.58,51.58,51.58,False
83.79,83.79,83.79,False
14.55,14.55,14.55,False
20.52,20.52,20.52,False
83.29,83.29,83.29,False
79.77,,60.611000000000004,True
97.2,97.2,97.2,False
41.63,,51.778999999999996,True
1.01,1.01,1.01,False
87.5,87.5,87.5,False
0.75,0.75,0.75,False
37.16,37.16,37.16,False
98.38,98.38,98.38,False
55.94,55.94,55.94,False
23.63,,51.437,True
39.44,39.44,39.44,False
83.69,83.69,83.69,False
28.88,28.88,28.88,False
10.1,10.1,10.1,False
47.01,47.01,47.01,False
18.66,18.66,18.66,False
79.72,79.72,79.72,False
29.85,29.85,29.85,False
0.92,,38.453,True
92.48,92.48,92.48,False
20.09,20.09,20.09,False
16.24,16.24,16.24,False
18.42,18.42,18.42,False
49.02,,46.491,True
12.43,12.43,12.43,False
1.27,,56.081999999999994,True
21.58,21.58,21.58,False
14.64,14.64,14.64,False
92.32,92.32,92.32,False
31.4,,48.166,True
9.25,9.25,9.25,False
37.1,37.1,37.1,False
8.5,8.5,8.5,False
85.23,85.23,85.23,False
14.09,,48.094,True
76.02,,32.352999999999994,True
46.27,46.27,46.27,False
59.86,59.86,59.86,False
18.75,18.75,18.75,False
56.3,,68.451,True
64.8,64.8,64.8,False
33.61,33.61,33.61,False
90.99,90.99,90.99,False
41.79,41.79,41.79,False
38.69,38.69,38.69,False
84.4,,44.72499999999999,True
69.46,69.46,69.46,False
34.46,,49.041999999999994,True
95.97,,45.092999999999996,True
98.76,98.76,98.76,False
12.59,,64.96799999999999,True
78.78,,61.386999999999986,True
21.11,21.11,21.11,False
50.19,50.19,50.19,False
76.83,76.83,76.83,False
17.49,17.49,17.49,False
66.78,66.78,66.78,False
24.17,24.17,24.17,False
38.84,38.84,38.84,False
14.98,14.98,14.98,False
15.14,15.14,15.14,False
10.4,,50.484,True
59.67,,62.885000000000005,True
36.66,36.66,36.66,False
58.98,58.98,58.98,False
19.47,19.47,19.47,False
64.62,64.62,64.62,False
98.25,98.25,98.25,False
41.88,,55.346000000000004,True
13.22,13.22,13.22,False
54.65,54.65,54.65,False
72.01,72.01,72.01,False
93.89,93.89,93.89,False
18.64,,46.279,True
64.05,64.05,64.05,False
41.79,41.79,41.79,False
13.37,13.37,13.37,False
1.62,1.62,1.62,False
92.64,92.64,92.64,False
32.18,,75.53099999999999,True
64.26,64.26,64.26,False
81.57,81.57,81.57,False
87.32,87.32,87.32,False
70.44,70.44,70.44,False
1.75,1.75,1.75,False
96.81,96.81,96.81,False
74.51,74.51,74.51,False
2.52,2.52,2.52,False
81.63,81.63,81.63,False
43.53,43.53,43.53,False
84.28,84.28,84.28,False
17.6,17.6,17.6,False
31.35,31.35,31.35,False
65.72,65.72,65.72,False
43.81,43.81,43.81,False
84.41,84.41,84.41,False
55.78,,63.38499999999999,True
67.47,67.47,67.47,False
8.08,8.08,8.08,False
46.2,46.2,46.2,False
72.06,72.06,72.06,False
90.48,90.48,90.48,False
21.26,21.26,21.26,False
82.93,82.93,82.93,False
23.15,23.15,23.15,False
66.19,66.19,66.19,False
95.81,,57.107000000000006,True
48.33,48.33,48.33,False
29.54,29.54,29.54,False
44.08,44.08,44.08,False
91.71,91.71,91.71,False
73.94,73.94,73.94,False
10.35,10.35,10.35,False
89.6,89.6,89.6,False
11.99,11.99,11.99,False
77.02,77.02,77.02,False
78.82,78.82,78.82,False
64.64,64.64,64.64,False
11.91,11.91,11.91,False
82.52,,58.32800000000001,True
69.85,69.85,69.85,False
80.11,80.11,80.11,False
2.46,,39.83599999999999,True
59.79,,23.682,True
11.06,11.06,11.06,False
73.69,73.69,73.69,False
53.57,53.57,53.57,False
30.2,30.2,30.2,False
67.23,67.23,67.23,False
86.81,86.81,86.81,False
76.39,76.39,76.39,False
96.61,96.61,96.61,False
64.3,64.3,64.3,False
79.33,79.33,79.33,False
45.91,45.91,45.91,False
41.67,,51.112,True
81.33,81.33,81.33,False
91.8,,53.53099999999999,True
3.69,3.69,3.69,False
24.25,24.25,24.25,False
89.5,,56.68399999999999,True
60.24,60.24,60.24,False
7.65,7.65,7.65,False
44.93,44.93,44.93,False
26.98,26.98,26.98,False
84.08,,47.54599999999999,True
99.2,99.2,99.2,False
40.63,40.63,40.63,False
11.89,11.89,11.89,False
73.71,,53.524,True
16.44,16.44,16.44,False
51.05,51.05,51.05,False
49.13,49.13,49.13,False
17.06,17.06,17.06,False
93.15,93.15,93.15,False
66.4,,37.715999999999994,True
20.21,,54.375000000000014,True
1.48,1.48,1.48,False
22.77,22.77,22.77,False
56.15,56.15,56.15,False
10.52,10.52,10.52,False
34.84,,47.31,True
5.05,5.05,5.05,False
54.59,54.59,54.59,False
52.36,52.36,52.36,False
10.2,10.2,10.2,False
77.96,77.96,77.96,False
61.97,,35.397,True
61.15,61.15,61.15,False
83.04,83.04,83.04,False
37.18,37.18,37.18,False
27.09,,62.214999999999996,True
0.72,0.72,0.72,False
9.24,,67.856,True
8.69,,47.847,True
32.07,,62.55,True
71.94,,35.86,True
84.09,84.09,84.09,False
56.06,56.06,56.06,False
47.76,47.76,47.76,False
79.34,79.34,79.34,False
17.58,17.58,17.58,False
97.79,97.79,97.79,False
75.1,75.1,75.1,False
39.58,39.58,39.58,False
78.08,78.08,78.08,False
63.89,,68.72600000000001,True
24.33,24.33,24.33,False
70.91,70.91,70.91,False
23.32,23.32,23.32,False
9.84,9.84,9.84,False
34.29,34.29,34.29,False
1.58,1.58,1.58,False
59.64,59.64,59.64,False
80.97,80.97,80.97,False
22.48,22.48,22.48,False
69.99,69.99,69.99,False
51.24,51.24,51.24,False
70.14,70.14,70.14,False
68.35,68.35,68.35,False
86.3,86.3,86.3,False
97.18,97.18,97.18,False
92.4,92.4,92.4,False
50.11,50.11,50.11,False
35.59,35.59,35.59,False
56.89,56.89,56.89,False
86.79,,35.711000000000006,True
84.49,84.49,84.49,False
52.75,,64.08599999999998,True
63.63,,75.28900000000002,True
42.69,42.69,42.69,False
15.14,15.14,15.14,False
25.81,25.81,25.81,False
46.58,,33.287,True
93.88,,37.75599999999999,True
53.07,,56.249,True
24.23,24.23,24.23,False
49.08,,53.09100000000001,True
84.5,,65.413,True
99.31,99.31,99.31,False
55.4,55.4,55.4,False
7.84,7.84,7.84,False
99.72,99.72,99.72,False
39.48,39.48,39.48,False
1.13,1.13,1.13,False
43.45,43.45,43.45,False
37.36,37.36,37.36,False
94.14,94.14,94.14,False
65.24,65.24,65.24,False
80.79,80.79,80.79,False
81.81,81.81,81.81,False
35.54,35.54,35.54,False
88.42,88.42,88.42,False
56.59,56.59,56.59,False
39.28,39.28,39.28,False
88.81,88.81,88.81,False
58.9,58.9,58.9,False
9.52,,66.119,True
39.92,39.92,39.92,False
28.54,28.54,28.54,False
74.11,74.11,74.11,False
85.26,85.26,85.26,False
43.72,43.72,43.72,False
77.01,,54.166999999999994,True
88.03,,59.17999999999999,True
86.65,86.65,86.65,False
33.79,33.79,33.79,False
76.04,,41.333999999999996,True
57.59,57.59,57.59,False
37.22,37.22,37.22,False
57.89,57.89,57.89,False
3.37,3.37,3.37,False
88.2,,52.044000000000004,True
96.08,96.08,96.08,False
84.36,84.36,84.36,False
92.58,92.58,92.58,False
27.92,27.92,27.92,False
46.28,46.28,46.28,False
25.55,25.55,25.55,False
15.14,15.14,15.14,False
50.64,50.64,50.64,False
31.73,,54.932,True
73.93,73.93,73.93,False
40.62,40.62,40.62,False
14.5,14.5,14.5,False
20.85,20.85,20.85,False
49.51,,66.13,True
26.14,,62.63199999999999,True
13.76,,45.76899999999999,True
72.21,72.21,72.21,False
91.91,91.91,91.91,False
79.06,79.06,79.06,False
7.17,7.17,7.17,False
79.28,79.28,79.28,False
48.25,48.25,48.25,False
45.88,,53.07399999999999,True
89.8,89.8,89.8,False
17.47,17.47,17.47,False
70.85,70.85,70.85,False
93.13,93.13,93.13,False
39.73,39.73,39.73,False
1.28,,45.047000000000004,True
83.99,83.99,83.99,False
16.51,16.51,16.51,False
62.43,62.43,62.43,False
56.1,56.1,56.1,False
87.52,87.52,87.52,False
65.88,65.88,65.88,False
86.29,86.29,86.29,False
62.82,62.82,62.82,False
18.45,,24.868000000000002,True
75.42,75.42,75.42,False
17.68,17.68,17.68,False
27.95,27.95,27.95,False
60.01,60.01,60.01,False
92.34,92.34,92.34,False
7.21,,32.446999999999996,True
76.42,76.42,76.42,False
3.2,3.2,3.2,False
62.59,62.59,62.59,False
89.04,89.04,89.04,False
76.95,76.95,76.95,False
51.66,51.66,51.66,False
39.33,39.33,39.33,False
89.77,,35.528000000000006,True
75.95,,58.47500000000001,True
13.31,,51.79299999999999,True
40.0,,17.262999999999998,True
99.9,99.9,99.9,False
61.99,,36.16600000000001,True
75.8,75.8,75.8,False
39.87,39.87,39.87,False
48.96,48.96,48.96,False
70.67,70.67,70.67,False
26.7,26.7,26.7,False
99.72,,57.723,True
22.71,22.71,22.71,False
94.83,94.83,94.83,False
37.81,37.81,37.81,False
42.93,,39.985,True
89.33,89.33,89.33,False
38.58,38.58,38.58,False
75.51,,53.00600000000001,True
56.3,56.3,56.3,False
6.67,6.67,6.67,False
80.29,80.29,80.29,False
94.6,94.6,94.6,False
27.54,27.54,27.54,False
97.48,97.48,97.48,False
68.23,68.23,68.23,False
56.84,,42.496,True
84.79,84.79,84.79,False
4.22,4.22,4.22,False
58.73,58.73,58.73,False
60.43,60.43,60.43,False
2.85,2.85,2.85,False
43.55,43.55,43.55,False
11.83,,60.623000000000005,True
64.96,,55.62199999999999,True
19.37,19.37,19.37,False
46.64,46.64,46.64,False
31.54,31.54,31.54,False
6.47,6.47,6.47,False
96.23,,38.533,True
89.74,,73.086,True
54.29,54.29,54.29,False
4.81,4.81,4.81,False
42.16,42.16,42.16,False
74.06,74.06,74.06,False
27.1,27.1,27.1,False
22.04,22.04,22.04,False
49.53,49.53,49.53,False
1.72,,40.74400000000001,True
97.39,97.39,97.39,False
68.73,68.73,68.73,False
57.85,57.85,57.85,False
6.58,,35.56,True
47.25,,51.371,True
20.26,,70.30199999999999,True
85.02,85.02,85.02,False
64.54,64.54,64.54,False
74.01,74.01,74.01,False
68.8,68.8,68.8,False
76.8,76.8,76.8,False
92.39,92.39,92.39,False
11.73,11.73,11.73,False
29.31,,50.36300000000001,True
91.67,91.67,91.67,False
47.66,47.66,47.66,False
95.74,95.74,95.74,False
79.25,79.25,79.25,False
43.69,43.69,43.69,False
23.27,23.27,23.27,False
6.96,6.96,6.96,False
41.65,,34.25,True
18.79,18.79,18.79,False
58.93,58.93,58.93,False
83.29,83.29,83.29,False
65.96,65.96,65.96,False
71.58,71.58,71.58,False
34.16,34.16,34.16,False
61.01,61.01,61.01,False
53.59,,61.818000000000005,True
11.79,11.79,11.79,False
16.98,16.98,16.98,False
29.24,29.24,29.24,False
20.35,20.35,20.35,False
34.32,,48.278,True
35.88,35.88,35.88,False
33.84,33.84,33.84,False
17.21,17.21,17.21,False
95.08,95.08,95.08,False
27.85,27.85,27.85,False
18.52,18.52,18.52,False
81.31,81.31,81.31,False
34.82,34.82,34.82,False
55.3,55.3,55.3,False
88.71,88.71,88.71,False
0.6,0.6,0.6,False
50.02,50.02,50.02,False
12.96,12.96,12.96,False
43.58,43.58,43.58,False
33.22,33.22,33.22,False
38.96,38.96,38.96,False
30.14,30.14,30.14,False
21.72,21.72,21.72,False
93.2,93.2,93.2,False
88.17,88.17,88.17,False
42.46,42.46,42.46,False
61.41,61.41,61.41,False
51.51,51.51,51.51,False
77.7,77.7,77.7,False
14.65,,50.794,True
68.4,68.4,68.4,False
34.51,34.51,34.51,False
71.74,71.74,71.74,False
37.54,37.54,37.54,False
76.35,76.35,76.35,False
71.2,71.2,71.2,False
48.88,48.88,48.88,False
48.24,,45.849,True
32.0,32.0,32.0,False
50.34,50.34,50.34,False
5.18,5.18,5.18,False
95.28,95.28,95.28,False
70.4,70.4,70.4,False
47.2,47.2,47.2,False
29.35,29.35,29.35,False
20.28,20.28,20.28,False
71.9,71.9,71.9,False
27.91,27.91,27.91,False
57.34,57.34,57.34,False
82.4,82.4,82.4,False
15.08,,31.816000000000003,True
55.12,55.12,55.12,False
38.84,38.84,38.84,False
42.79,,61.645,True
97.83,97.83,97.83,False
10.04,10.04,10.04,False
96.97,96.97,96.97,False
41.05,41.05,41.05,False
10.37,10.37,10.37,False
33.73,,68.784,True
4.18,4.18,4.18,False
72.24,72.24,72.24,False
98.25,98.25,98.25,False
85.69,85.69,85.69,False
39.12,,56.24399999999999,True
82.66,82.66,82.66,False
49.12,49.12,49.12,False
89.36,89.36,89.36,False
77.84,77.84,77.84,False
49.84,49.84,49.84,False
96.31,96.31,96.31,False
18.44,,37.628,True
18.16,18.16,18.16,False
68.28,68.28,68.28,False
95.72,,28.606000000000005,True
96.6,96.6,96.6,False
97.15,97.15,97.15,False
79.3,79.3,79.3,False
76.35,76.35,76.35,False
33.51,33.51,33.51,False
96.08,96.08,96.08,False
33.69,33.69,33.69,False
17.99,17.99,17.99,False
86.84,86.84,86.84,False
97.62,97.62,97.62,False
25.85,25.85,25.85,False
27.37,27.37,27.37,False
29.02,29.02,29.02,False
90.78,90.78,90.78,False
42.33,42.33,42.33,False
81.89,81.89,81.89,False
43.81,43.81,43.81,False
93.71,93.71,93.71,False
54.29,54.29,54.29,False
55.72,55.72,55.72,False
5.57,,39.064,True
48.1,48.1,48.1,False
25.79,25.79,25.79,False
14.84,,73.451,True
85.76,85.76,85.76,False
18.76,18.76,18.76,False
38.19,38.19,38.19,False
38.1,38.1,38.1,False
10.18,10.18,10.18,False
36.27,36.27,36.27,False
92.07,92.07,92.07,False
72.9,72.9,72.9,False
57.52,57.52,57.52,False
5.79,5.79,5.79,False
14.68,,50.934000000000005,True
10.12,10.12,10.12,False
86.89,86.89,86.89,False
9.84,9.84,9.84,False
49.94,,26.661,True
75.13,75.13,75.13,False
33.21,,42.16,True
54.41,54.41,54.41,False
59.56,59.56,59.56,False
45.71,,53.222,True
4.94,,51.36900000000001,True
89.47,89.47,89.47,False
45.91,,68.562,True
82.85,82.85,82.85,False
89.85,89.85,89.85,False
10.81,,43.686,True
34.32,34.32,34.32,False
92.54,92.54,92.54,False
62.9,62.9,62.9,False
48.76,,53.2,True
41.11,,41.944,True
57.2,57.2,57.2,False
13.13,,63.233000000000004,True
20.96,20.96,20.96,False
42.75,42.75,42.75,False
82.89,82.89,82.89,False
21.21,21.21,21.21,False
12.25,12.25,12.25,False
61.87,61.87,61.87,False
71.12,71.12,71.12,False
26.58,,50.617000000000004,True
5.24,,70.351,True
30.39,30.39,30.39,False
66.55,66.55,66.55,False
83.02,83.02,83.02,False
88.23,,71.03600000000002,True
5.18,,60.617,True
13.77,13.77,13.77,False
21.9,21.9,21.9,False
34.42,,56.102,True
57.9,,49.568000000000005,True
61.97,61.97,61.97,False
56.11,56.11,56.11,False
50.64,50.64,50.64,False
64.99,64.99,64.99,False
69.04,69.04,69.04,False
13.82,13.82,13.82,False
22.48,22.48,22.48,False
11.31,11.31,11.31,False
60.53,60.53,60.53,False
98.45,98.45,98.45,False
97.06,97.06,97.06,False
64.7,64.7,64.7,False
1.05,,56.98,True
89.97,,62.879,True
48.58,48.58,48.58,False
16.42,16.42,16.42,False
15.42,15.42,15.42,False
47.15,47.15,47.15,False
52.8,,31.031,True
64.88,,35.956999999999994,True
94.1,94.1,94.1,False
23.18,23.18,23.18,False
17.44,17.44,17.44,False
22.72,,32.756,True
69.99,69.99,69.99,False
87.88,,61.885000000000005,True
69.91,,35.535000000000004,True
27.45,27.45,27.45,False
13.17,13.17,13.17,False
50.99,50.99,50.99,False
66.92,,69.345,True
39.47,39.47,39.47,False
4.35,,82.691,True
24.06,24.06,24.06,False
21.8,21.8,21.8,False
89.74,89.74,89.74,False
72.34,,55.15500000000001,True
37.48,37.48,37.48,False
38.2,38.2,38.2,False
85.85,85.85,85.85,False
5.5,,82.449,True
53.51,53.51,53.51,False
37.38,37.38,37.38,False
84.55,84.55,84.55,False
34.87,34.87,34.87,False
17.26,17.26,17.26,False
82.99,82.99,82.99,False
85.34,85.34,85.34,False
31.46,31.46,31.46,False
74.5,,81.90599999999999,True
12.79,12.79,12.79,False
10.01,10.01,10.01,False
23.99,23.99,23.99,False
34.57,,21.547,True
15.78,15.78,15.78,False
71.91,71.91,71.91,False
64.93,64.93,64.93,False
6.35,6.35,6.35,False
85.85,85.85,85.85,False
46.5,46.5,46.5,False
64.39,64.39,64.39,False
13.47,13.47,13.47,False
40.72,40.72,40.72,False
36.01,36.01,36.01,False
57.89,57.89,57.89,False
7.95,7.95,7.95,False
13.89,13.89,13.89,False
96.28,96.28,96.28,False
94.63,94.63,94.63,False
13.26,13.26,13.26,False
21.92,21.92,21.92,False
81.81,,44.512,True
58.79,58.79,58.79,False
14.72,14.72,14.72,False
59.7,59.7,59.7,False
16.26,16.26,16.26,False
29.61,29.61,29.61,False
82.38,,36.423,True
96.49,96.49,96.49,False
76.39,76.39,76.39,False
79.98,79.98,79.98,False
91.65,91.65,91.65,False
3.84,,36.789,True
97.15,97.15,97.15,False
77.04,77.04,77.04,False
91.52,91.52,91.52,False
37.4,37.4,37.4,False
11.89,11.89,11.89,False
43.29,43.29,43.29,False
92.88,92.88,92.88,False
99.81,99.81,99.81,False
62.74,62.74,62.74,False
96.89,96.89,96.89,False
43.86,43.86,43.86,False
66.27,66.27,66.27,False
90.8,90.8,90.8,False
95.04,95.04,95.04,False
12.67,12.67,12.67,False
89.59,89.59,89.59,False
97.03,97.03,97.03,False
53.46,53.46,53.46,False
21.02,21.02,21.02,False
15.39,15.39,15.39,False
97.32,,31.4,True
61.66,61.66,61.66,False
15.29,15.29,15.29,False
5.88,,54.575,True
24.93,24.93,24.93,False
97.37,97.37,97.37,False
11.49,11.49,11.49,False
4.05,4.05,4.05,False
76.9,76.9,76.9,False
96.44,96.44,96.44,False
34.29,34.29,34.29,False
56.63,56.63,56.63,False
63.67,63.67,63.67,False
80.85,80.85,80.85,False
9.5,9.5,9.5,False
47.22,,44.206999999999994,True
28.98,28.98,28.98,False
96.63,96.63,96.63,False
43.97,43.97,43.97,False
91.4,,26.068,True
53.71,53.71,53.71,False
15.36,15.36,15.36,False
80.68,80.68,80.68,False
17.3,17.3,17.3,False
52.16,52.16,52.16,False
89.46,89.46,89.46,False
35.91,35.91,35.91,False
9.32,9.32,9.32,False
15.21,15.21,15.21,False
17.98,17.98,17.98,False
32.84,32.84,32.84,False
59.18,59.18,59.18,False
28.33,28.33,28.33,False
33.27,33.27,33.27,False
24.93,,37.720000000000006,True
98.07,98.07,98.07,False
67.13,67.13,67.13,False
34.46,34.46,34.46,False
45.67,45.67,45.67,False
38.29,38.29,38.29,False
15.21,15.21,15.21,False
55.18,,44.6,True
83.5,83.5,83.5,False
3.07,3.07,3.07,False
34.59,34.59,34.59,False
28.75,,63.94599999999999,True
55.23,55.23,55.23,False
14.45,,26.051,True
66.06,,40.47,True
19.6,,78.296,True
58.98,,69.661,True
86.67,86.67,86.67,False
51.54,51.54,51.54,False
13.61,,26.509000000000004,True
57.14,,51.24400000000001,True
91.79,,57.95300000000001,True
89.85,89.85,89.85,False
44.7,,25.617999999999995,True
54.0,54.0,54.0,False
79.93,79.93,79.93,False
2.43,2.43,2.43,False
66.65,,72.067,True
13.83,13.83,13.83,False
2.65,2.65,2.65,False
65.51,65.51,65.51,False
68.64,,40.01899999999999,True
75.81,75.81,75.81,False
62.99,62.99,62.99,False
89.95,89.95,89.95,False
98.31,,46.148999999999994,True
38.87,38.87,38.87,False
18.87,,47.67099999999999,True
54.63,,59.214999999999996,True
7.92,7.92,7.92,False
57.59,57.59,57.59,False
9.97,9.97,9.97,False
84.02,84.02,84.02,False
77.94,77.94,77.94,False
49.32,49.32,49.32,False
66.61,,67.933,True
89.71,89.71,89.71,False
43.28,43.28,43.28,False
21.65,21.65,21.65,False
33.61,33.61,33.61,False
8.24,8.24,8.24,False
34.5,,76.76,True
67.25,67.25,67.25,False
38.29,38.29,38.29,False
32.59,32.59,32.59,False
70.4,,66.219,True
31.54,31.54,31.54,False
84.79,84.79,84.79,False
98.39,98.39,98.39,False
43.73,43.73,43.73,False
86.88,86.88,86.88,False
26.24,26.24,26.24,False
26.29,26.29,26.29,False
76.81,,27.981,True
36.2,36.2,36.2,False
49.56,49.56,49.56,False
58.96,58.96,58.96,False
98.05,98.05,98.05,False
83.67,,58.509,True
30.66,30.66,30.66,False
86.74,86.74,86.74,False
77.74,77.74,77.74,False
92.65,92.65,92.65,False
5.96,,62.251999999999995,True
66.91,66.91,66.91,False
23.38,,32.551,True
82.04,,59.69599999999999,True
6.09,6.09,6.09,False
14.12,14.12,14.12,False
31.52,,63.696000000000005,True
13.74,13.74,13.74,False
99.99,99.99,99.99,False
19.56,19.56,19.56,False
81.61,81.61,81.61,False
80.7,80.7,80.7,False
10.41,10.41,10.41,False
85.36,85.36,85.36,False
15.24,15.24,15.24,False
40.08,,45.827999999999996,True
10.2,,75.94600000000001,True
72.53,72.53,72.53,False
96.36,96.36,96.36,False
88.63,,79.883,True
37.15,,22.717,True
47.92,47.92,47.92,False
14.46,,53.94,True
32.47,32.47,32.47,False
81.97,81.97,81.97,False
92.08,92.08,92.08,False
94.48,94.48,94.48,False
84.74,84.74,84.74,False
81.8,81.8,81.8,False
33.27,33.27,33.27,False
66.96,66.96,66.96,False
71.4,71.4,71.4,False
67.47,,46.35,True
17.32,,40.82899999999999,True
17.24,17.24,17.24,False
17.05,17.05,17.05,False
52.19,52.19,52.19,False
27.44,27.44,27.44,False
73.77,73.77,73.77,False
10.94,10.94,10.94,False
42.24,42.24,42.24,False
82.39,,58.698,True
37.62,,42.672,True
21.53,21.53,21.53,False
43.51,,58.96900000000001,True
44.32,44.32,44.32,False
43.45,43.45,43.45,False
47.92,47.92,47.92,False
73.74,73.74,73.74,False
93.25,,30.505000000000003,True
13.92,13.92,13.92,False
41.1,41.1,41.1,False
44.08,44.08,44.08,False
65.19,65.19,65.19,False
21.54,21.54,21.54,False
83.61,83.61,83.61,False
13.99,13.99,13.99,False
49.09,49.09,49.09,False
32.16,32.16,32.16,False
45.5,45.5,45.5,False
73.16,73.16,73.16,False
70.2,70.2,70.2,False
10.62,,75.256,True
26.65,,46.641,True
52.01,52.01,52.01,False
32.71,32.71,32.71,False
47.46,47.46,47.46,False
11.39,11.39,11.39,False
31.68,31.68,31.68,False
65.78,65.78,65.78,False
71.01,,42.86900000000001,True
69.57,69.57,69.57,False
66.84,66.84,66.84,False
5.25,5.25,5.25,False
60.57,60.57,60.57,False
61.68,61.68,61.68,False
45.74,45.74,45.74,False
89.81,89.81,89.81,False
73.27,,42.354,True
51.33,,72.45900000000002,True
19.84,19.84,19.84,False
97.25,97.25,97.25,False
2.96,2.96,2.96,False
82.28,82.28,82.28,False
49.59,,62.835,True
65.14,65.14,65.14,False
70.0,70.0,70.0,False
22.58,,20.038,True
55.42,55.42,55.42,False
27.08,27.08,27.08,False
73.02,73.02,73.02,False
88.73,88.73,88.73,False
16.35,16.35,16.35,False
85.61,85.61,85.61,False
76.61,76.61,76.61,False
42.77,42.77,42.77,False
95.3,95.3,95.3,False
78.12,78.12,78.12,False
21.33,21.33,21.33,False
66.93,66.93,66.93,False
81.54,,65.70599999999999,True
12.64,12.64,12.64,False
43.2,43.2,43.2,False
20.58,20.58,20.58,False
26.62,26.62,26.62,False
15.56,15.56,15.56,False
12.97,,77.335,True
98.04,98.04,98.04,False
63.35,63.35,63.35,False
26.57,26.57,26.57,False
29.58,29.58,29.58,False
72.54,72.54,72.54,False
35.16,35.16,35.16,False
56.94,56.94,56.94,False
99.71,,51.803,True
77.18,77.18,77.18,False
36.92,36.92,36.92,False
42.8,,53.492999999999995,True
89.41,89.41,89.41,False
33.34,33.34,33.34,False
13.94,13.94,13.94,False
13.05,13.05,13.05,False
52.94,,54.327,True
26.02,,50.876,True
9.23,9.23,9.23,False
78.2,78.2,78.2,False
94.12,94.12,94.12,False
55.14,55.14,55.14,False
16.98,16.98,16.98,False
30.59,30.59,30.59,False
20.27,20.27,20.27,False
97.32,,39.861,True
13.06,13.06,13.06,False
87.39,87.39,87.39,False
88.36,88.36,88.36,False
84.77,84.77,84.77,False
57.81,57.81,57.81,False
74.03,74.03,74.03,False
87.55,87.55,87.55,False
76.96,76.96,76.96,False
89.07,89.07,89.07,False
33.96,,47.81,True
28.77,28.77,28.77,False
18.49,,48.791000000000004,True
21.39,21.39,21.39,False
57.91,57.91,57.91,False
4.5,4.5,4.5,False
38.67,38.67,38.67,False
44.01,44.01,44.01,False
87.89,87.89,87.89,False
26.02,26.02,26.02,False
11.69,,57.263999999999996,True
51.69,51.69,51.69,False
33.75,33.75,33.75,False
63.45,63.45,63.45,False
45.73,45.73,45.73,False
33.3,33.3,33.3,False
43.96,43.96,43.96,False
6.72,6.72,6.72,False
53.03,53.03,53.03,False
38.89,38.89,38.89,False
79.5,79.5,79.5,False
38.02,,45.525,True
47.47,47.47,47.47,False
71.18,71.18,71.18,False
4.08,,57.47500000000001,True
15.96,15.96,15.96,False
56.13,,49.971000000000004,True
30.53,,54.489999999999995,True
31.36,,46.443000000000005,True
71.05,71.05,71.05,False
24.93,24.93,24.93,False
13.97,13.97,13.97,False
92.2,92.2,92.2,False
47.8,47.8,47.8,False
61.55,61.55,61.55,False
66.47,66.47,66.47,False
10.32,10.32,10.32,False
76.36,76.36,76.36,False
25.49,25.49,25.49,False
73.71,73.71,73.71,False
99.41,99.41,99.41,False
65.57,65.57,65.57,False
60.85,60.85,60.85,False
34.54,34.54,34.54,False
43.49,43.49,43.49,False
30.38,30.38,30.38,False
4.59,4.59,4.59,False
54.54,54.54,54.54,False
95.86,95.86,95.86,False
98.07,98.07,98.07,False
75.49,75.49,75.49,False
62.8,62.8,62.8,False
82.18,,18.653000000000002,True
99.3,,44.05499999999999,True
66.04,66.04,66.04,False
88.18,88.18,88.18,False
60.82,60.82,60.82,False
40.31,40.31,40.31,False
1.47,1.47,1.47,False
16.65,16.65,16.65,False
96.44,96.44,96.44,False
13.77,13.77,13.77,False
54.09,,64.396,True
2.17,2.17,2.17,False
61.83,61.83,61.83,False
99.88,99.88,99.88,False
3.92,3.92,3.92,False
50.99,50.99,50.99,False
34.8,34.8,34.8,False
49.37,49.37,49.37,False
61.23,61.23,61.23,False
95.54,95.54,95.54,False
16.77,16.77,16.77,False
20.36,,62.217,True
10.56,10.56,10.56,False
42.82,42.82,42.82,False
68.68,68.68,68.68,False
6.79,6.79,6.79,False
40.98,40.98,40.98,False
25.66,,23.546999999999997,True
29.35,29.35,29.35,False
6.74,6.74,6.74,False
83.09,83.09,83.09,False
94.32,94.32,94.32,False
67.12,67.12,67.12,False
76.83,,48.696000000000005,True
70.37,,45.684999999999995,True
22.46,22.46,22.46,False
17.64,17.64,17.64,False
37.3,37.3,37.3,False
2.17,,11.15,True
99.99,,54.529999999999994,True
37.84,,40.84500000000001,True
86.8,86.8,86.8,False
3.69,3.69,3.69,False
73.85,73.85,73.85,False
0.5,0.5,0.5,False
91.94,91.94,91.94,False
35.37,35.37,35.37,False
69.61,69.61,69.61,False
81.53,81.53,81.53,False
63.96,63.96,63.96,False
68.17,68.17,68.17,False
15.54,15.54,15.54,False
67.05,67.05,67.05,False
25.19,25.19,25.19,False
93.34,,58.63799999999999,True
87.27,87.27,87.27,False
33.15,33.15,33.15,False
38.5,38.5,38.5,False
20.92,20.92,20.92,False
98.95,98.95,98.95,False
54.26,54.26,54.26,False
10.77,10.77,10.77,False
87.42,87.42,87.42,False
58.78,58.78,58.78,False
82.47,82.47,82.47,False
43.11,43.11,43.11,False
97.98,97.98,97.98,False
16.5,16.5,16.5,False
86.23,86.23,86.23,False
49.76,49.76,49.76,False
62.83,62.83,62.83,False
20.14,20.14,20.14,False
25.9,25.9,25.9,False
88.43,88.43,88.43,False
32.56,32.56,32.56,False
58.67,,58.010000000000005,True
6.49,6.49,6.49,False
34.93,34.93,34.93,False
71.55,,40.846,True
23.01,23.01,23.01,False
93.91,93.91,93.91,False
41.09,41.09,41.09,False
86.77,86.77,86.77,False
53.95,53.95,53.95,False
14.04,14.04,14.04,False
70.97,70.97,70.97,False
75.72,75.72,75.72,False
48.71,48.71,48.71,False
50.61,50.61,50.61,False
54.54,54.54,54.54,False
87.42,87.42,87.42,False
80.77,80.77,80.77,False
3.73,,29.369999999999997,True
52.28,52.28,52.28,False
70.89,70.89,70.89,False
35.27,35.27,35.27,False
40.98,,28.862000000000002,True
93.62,93.62,93.62,False
20.57,,35.208999999999996,True
21.8,21.8,21.8,False
28.19,28.19,28.19,False
99.83,99.83,99.83,False
45.85,,47.45,True
47.14,47.14,47.14,False
24.06,,46.656,True
63.87,,55.665,True
35.96,,43.568,True
76.22,76.22,76.22,False
29.42,29.42,29.42,False
65.73,65.73,65.73,False
44.39,44.39,44.39,False
80.49,80.49,80.49,False
60.13,60.13,60.13,False
56.14,56.14,56.14,False
11.57,11.57,11.57,False
89.9,89.9,89.9,False
63.82,63.82,63.82,False
22.94,22.94,22.94,False
94.02,94.02,94.02,False
9.76,9.76,9.76,False
39.33,,40.065,True
3.87,,63.53900000000001,True
80.37,,32.105000000000004,True
14.72,,50.333,True
85.88,85.88,85.88,False
48.83,48.83,48.83,False
60.04,60.04,60.04,False
86.98,86.98,86.98,False
12.62,12.62,12.62,False
63.74,63.74,63.74,False
20.44,20.44,20.44,False
13.38,13.38,13.38,False
79.48,,49.908,True
86.79,,48.126,True
17.55,17.55,17.55,False
16.71,16.71,16.71,False
41.75,41.75,41.75,False
94.79,94.79,94.79,False
68.53,68.53,68.53,False
23.86,23.86,23.86,False
80.98,80.98,80.98,False
51.41,,57.541,True
99.98,99.98,99.98,False
12.64,12.64,12.64,False
92.66,92.66,92.66,False
18.69,18.69,18.69,False
68.5,68.5,68.5,False
76.53,76.53,76.53,False
71.22,71.22,71.22,False
4.52,4.52,4.52,False
45.97,45.97,45.97,False
3.57,3.57,3.57,False
92.06,92.06,92.06,False
71.15,,64.31199999999998,True
9.74,9.74,9.74,False
30.42,30.42,30.42,False
59.44,59.44,59.44,False
27.58,27.58,27.58,False
73.26,73.26,73.26,False
92.88,92.88,92.88,False
46.25,,51.415,True
51.64,51.64,51.64,False
79.5,,56.742999999999995,True
93.96,93.96,93.96,False
52.85,,49.387,True
84.38,84.38,84.38,False
54.26,54.26,54.26,False
12.56,12.56,12.56,False
95.17,95.17,95.17,False
99.62,99.62,99.62,False
97.5,97.5,97.5,False
80.14,80.14,80.14,False
31.5,,69.99600000000001,True
32.93,,38.312,True
83.42,83.42,83.42,False
20.39,,69.56899999999999,True
92.58,,29.806000000000004,True
91.03,91.03,91.03,False
90.94,90.94,90.94,False
54.41,54.41,54.41,False
30.93,30.93,30.93,False
24.43,24.43,24.43,False
25.53,25.53,25.53,False
51.66,,47.65899999999999,True
18.18,,54.47499999999999,True
2.73,,46.059,True
83.27,83.27,83.27,False
54.17,,34.565000000000005,True
76.83,76.83,76.83,False
78.9,78.9,78.9,False
32.5,32.5,32.5,False
77.65,77.65,77.65,False
60.68,60.68,60.68,False
67.85,67.85,67.85,False
44.25,44.25,44.25,False
42.88,,47.590999999999994,True
65.81,65.81,65.81,False
41.37,41.37,41.37,False
88.79,88.79,88.79,False
59.32,,39.263999999999996,True
54.7,54.7,54.7,False
57.75,57.75,57.75,False
60.55,60.55,60.55,False
6.51,6.51,6.51,False
47.56,47.56,47.56,False
52.47,52.47,52.47,False
54.76,54.76,54.76,False
42.64,42.64,42.64,False
39.53,39.53,39.53,False
73.27,73.27,73.27,False
88.79,88.79,88.79,False
13.99,13.99,13.99,False
79.88,79.88,79.88,False
77.41,77.41,77.41,False
87.44,87.44,87.44,False
47.32,,70.652,True
32.4,32.4,32.4,False
53.07,53.07,53.07,False
68.95,68.95,68.95,False
42.81,42.81,42.81,False
53.91,53.91,53.91,False
45.67,45.67,45.67,False
62.61,,40.54299999999999,True
27.52,27.52,27.52,False
16.33,16.33,16.33,False
67.42,67.42,67.42,False
87.71,87.71,87.71,False
93.72,93.72,93.72,False
67.79,,47.628,True
54.4,54.4,54.4,False
86.52,86.52,86.52,False
99.09,99.09,99.09,False
66.13,66.13,66.13,False
52.54,52.54,52.54,False
48.0,,77.59900000000002,True
10.84,10.84,10.84,False
6.35,6.35,6.35,False
99.83,99.83,99.83,False
41.45,41.45,41.45,False
29.92,,37.521,True
9.32,9.32,9.32,False
34.43,34.43,34.43,False
81.68,,44.64300000000001,True
36.85,,44.67999999999999,True
26.92,26.92,26.92,False
35.31,,70.92699999999999,True
11.74,11.74,11.74,False
93.93,93.93,93.93,False
34.68,34.68,34.68,False
84.43,84.43,84.43,False
24.6,24.6,24.6,False
52.7,52.7,52.7,False
33.54,,74.239,True
43.54,43.54,43.54,False
37.17,37.17,37.17,False
36.37,36.37,36.37,False
56.53,56.53,56.53,False
29.76,29.76,29.76,False
70.6,70.6,70.6,False
80.05,80.05,80.05,False
15.53,15.53,15.53,False
6.32,6.32,6.32,False
18.26,18.26,18.26,False
90.85,,46.78600000000001,True
2.59,2.59,2.59,False
74.26,,37.073,True
78.99,78.99,78.99,False
85.79,85.79,85.79,False
88.38,88.38,88.38,False
30.15,30.15,30.15,False
70.44,70.44,70.44,False
20.63,20.63,20.63,False
56.37,56.37,56.37,False
71.26,71.26,71.26,False
3.47,3.47,3.47,False
53.59,53.59,53.59,False
75.95,75.95,75.95,False
44.98,,39.501000000000005,True
81.01,81.01,81.01,False
51.11,51.11,51.11,False
38.83,38.83,38.83,False
89.93,,50.465,True
78.97,78.97,78.97,False
26.82,26.82,26.82,False
56.73,,58.375,True
71.15,71.15,71.15,False
97.9,97.9,97.9,False
5.8,5.8,5.8,False
69.55,69.55,69.55,False
11.42,11.42,11.42,False
87.62,87.62,87.62,False
98.58,98.58,98.58,False
87.48,87.48,87.48,False
80.96,,58.27599999999999,True
85.43,85.43,85.43,False
3.54,3.54,3.54,False
34.03,34.03,34.03,False
64.29,64.29,64.29,False
54.97,54.97,54.97,False
97.45,,50.517,True
30.19,,58.925,True
6.61,6.61,6.61,False
68.03,68.03,68.03,False
75.63,75.63,75.63,False
72.29,72.29,72.29,False
44.17,44.17,44.17,False
60.94,,54.91700000000001,True
23.34,23.34,23.34,False
76.99,76.99,76.99,False
60.66,60.66,60.66,False
19.36,19.36,19.36,False
50.61,50.61,50.61,False
81.81,,43.87700000000001,True
38.68,38.68,38.68,False
52.35,52.35,52.35,False
81.47,81.47,81.47,False
55.15,,41.253,True
8.24,8.24,8.24,False
42.26,42.26,42.26,False
28.6,28.6,28.6,False
4.31,4.31,4.31,False
17.43,17.43,17.43,False
85.28,85.28,85.28,False
70.46,70.46,70.46,False
86.87,,40.612,True
46.39,,52.428,True
30.72,30.72,30.72,False
86.73,86.73,86.73,False
18.45,18.45,18.45,False
9.25,9.25,9.25,False
23.16,23.16,23.16,False
49.75,49.75,49.75,False
25.76,,44.01,True
72.25,72.25,72.25,False
20.85,20.85,20.85,False
93.13,93.13,93.13,False
5.27,5.27,5.27,False
28.16,28.16,28.16,False
17.59,17.59,17.59,False
51.59,,50.57900000000001,True
81.34,81.34,81.34,False
70.02,,53.07900000000001,True
5.18,5.18,5.18,False
60.01,60.01,60.01,False
62.73,62.73,62.73,False
56.2,56.2,56.2,False
72.59,72.59,72.59,False
19.79,19.79,19.79,False
35.02,35.02,35.02,False
37.07,37.07,37.07,False
65.85,65.85,65.85,False
96.03,,30.25,True
74.27,74.27,74.27,False
45.98,45.98,45.98,False
50.97,50.97,50.97,False
68.05,68.05,68.05,False
95.95,95.95,95.95,False
15.01,15.01,15.01,False
70.49,70.49,70.49,False
73.1,73.1,73.1,False
78.45,78.45,78.45,False
27.51,27.51,27.51,False
18.01,18.01,18.01,False
20.62,20.62,20.62,False
47.5,47.5,47.5,False
17.62,17.62,17.62,False
77.09,77.09,77.09,False
48.0,,60.26800000000001,True
11.55,11.55,11.55,False
2.27,2.27,2.27,False
1.71,1.71,1.71,False
95.66,95.66,95.66,False
42.75,42.75,42.75,False
38.76,38.76,38.76,False
15.21,15.21,15.21,False
66.25,,59.27399999999999,True
93.74,93.74,93.74,False
13.66,13.66,13.66,False
49.3,49.3,49.3,False
40.94,,45.747,True
13.51,13.51,13.51,False
84.83,,67.52,True
36.98,36.98,36.98,False
21.45,21.45,21.45,False
18.39,18.39,18.39,False
21.22,,69.88,True
13.06,,38.596,True
3.18,3.18,3.18,False
99.64,99.64,99.64,False
62.39,62.39,62.39,False
84.23,84.23,84.23,False
81.5,81.5,81.5,False
0.54,0.54,0.54,False
65.8,65.8,65.8,False
58.32,58.32,58.32,False
27.61,27.61,27.61,False
22.96,22.96,22.96,False
80.27,80.27,80.27,False
0.83,0.83,0.83,False
81.91,81.91,81.91,False
40.87,40.87,40.87,False
34.79,,45.052,True
33.33,33.33,33.33,False
18.26,,75.25500000000001,True
15.28,15.28,15.28,False
48.77,48.77,48.77,False
48.93,48.93,48.93,False
37.23,37.23,37.23,False
69.24,69.24,69.24,False
55.55,55.55,55.55,False
51.95,51.95,51.95,False
40.36,40.36,40.36,False
47.04,47.04,47.04,False
22.61,,33.85499999999999,True
19.26,19.26,19.26,False
98.57,98.57,98.57,False
96.79,,46.7,True
27.16,27.16,27.16,False
16.64,16.64,16.64,False
41.34,41.34,41.34,False
44.85,,49.715999999999994,True
50.9,50.9,50.9,False
26.01,26.01,26.01,False
69.61,,41.842999999999996,True
52.88,52.88,52.88,False
11.57,11.57,11.57,False
83.28,,47.504999999999995,True
51.46,,61.455000000000005,True
50.71,50.71,50.71,False
52.68,52.68,52.68,False
98.29,98.29,98.29,False
45.57,45.57,45.57,False
1.68,1.68,1.68,False
2.74,2.74,2.74,False
67.37,,76.122,True
69.09,69.09,69.09,False
36.63,36.63,36.63,False
99.81,99.81,99.81,False
47.33,47.33,47.33,False
72.48,72.48,72.48,False
65.47,65.47,65.47,False
13.61,13.61,13.61,False
6.01,6.01,6.01,False
1.32,1.32,1.32,False
47.97,47.97,47.97,False
46.82,46.82,46.82,False
59.01,59.01,59.01,False
53.59,53.59,53.59,False
50.41,50.41,50.41,False
60.2,60.2,60.2,False
96.22,,52.925,True
7.33,,50.785,True
29.49,29.49,29.49,False
73.35,73.35,73.35,False
70.03,70.03,70.03,False
76.97,76.97,76.97,False
87.41,87.41,87.41,False
57.25,57.25,57.25,False
99.57,99.57,99.57,False
5.11,5.11,5.11,False
56.74,56.74,56.74,False
46.58,46.58,46.58,False
54.78,,51.748000000000005,True
46.27,46.27,46.27,False
14.38,14.38,14.38,False
37.3,37.3,37.3,False
63.81,63.81,63.81,False
35.62,,44.78699999999999,True
93.46,93.46,93.46,False
82.36,82.36,82.36,False
11.32,11.32,11.32,False
57.15,57.15,57.15,False
79.37,79.37,79.37,False
4.08,4.08,4.08,False
80.73,80.73,80.73,False
48.96,48.96,48.96,False
10.55,10.55,10.55,False
50.19,50.19,50.19,False
66.92,66.92,66.92,False
47.52,,34.892999999999994,True
87.13,87.13,87.13,False
80.1,,55.57500000000001,True
2.22,,24.168,True
38.14,38.14,38.14,False
61.02,,28.047000000000004,True
61.01,61.01,61.01,False
15.49,,37.388999999999996,True
93.4,93.4,93.4,False
13.88,13.88,13.88,False
11.25,11.25,11.25,False
66.53,66.53,66.53,False
89.41,,41.471,True
55.31,55.31,55.31,False
90.38,90.38,90.38,False
25.17,25.17,25.17,False
6.29,6.29,6.29,False
37.57,37.57,37.57,False
3.1,3.1,3.1,False
91.69,91.69,91.69,False
19.97,19.97,19.97,False
28.78,28.78,28.78,False
53.21,53.21,53.21,False
16.6,16.6,16.6,False
44.32,44.32,44.32,False
10.34,10.34,10.34,False
41.81,41.81,41.81,False
84.54,,25.467000000000002,True
40.38,40.38,40.38,False
39.15,39.15,39.15,False
22.51,22.51,22.51,False
58.18,,48.55200000000001,True
92.48,92.48,92.48,False
51.38,,76.938,True
93.61,93.61,93.61,False
27.38,,67.37400000000001,True
74.61,74.61,74.61,False
78.84,78.84,78.84,False
65.7,65.7,65.7,False
81.04,81.04,81.04,False
27.2,27.2,27.2,False
86.38,86.38,86.38,False
83.93,83.93,83.93,False
40.36,40.36,40.36,False
57.4,57.4,57.4,False
1.42,1.42,1.42,False
66.5,66.5,66.5,False
47.18,47.18,47.18,False
58.99,58.99,58.99,False
52.91,52.91,52.91,False
20.95,20.95,20.95,False
2.79,2.79,2.79,False
27.76,27.76,27.76,False
58.77,,33.797,True
51.95,51.95,51.95,False
90.57,,45.289,True
39.15,39.15,39.15,False
95.3,95.3,95.3,False
92.48,,66.55600000000001,True
32.2,,63.855,True
91.72,91.72,91.72,False
13.52,,56.510000000000005,True
87.93,87.93,87.93,False
52.18,52.18,52.18,False
50.42,50.42,50.42,False
32.9,32.9,32.9,False
1.54,1.54,1.54,False
32.26,32.26,32.26,False
23.28,,22.091,True
81.06,81.06,81.06,False
71.42,71.42,71.42,False
64.81,64.81,64.81,False
85.89,,48.15,True
47.84,47.84,47.84,False
47.95,47.95,47.95,False
82.52,82.52,82.52,False
36.48,,28.144000000000005,True
95.66,95.66,95.66,False
42.34,42.34,42.34,False
65.11,65.11,65.11,False
53.95,53.95,53.95,False
91.36,91.36,91.36,False
85.8,85.8,85.8,False
92.29,92.29,92.29,False
25.3,25.3,25.3,False
3.6,,50.86300000000001,True
56.62,56.62,56.62,False
66.25,66.25,66.25,False
78.38,78.38,78.38,False
84.7,84.7,84.7,False
43.75,43.75,43.75,False
67.36,67.36,67.36,False
68.54,68.54,68.54,False
45.42,45.42,45.42,False
95.0,,59.842999999999996,True
44.98,44.98,44.98,False
50.4,50.4,50.4,False
74.37,,51.803999999999995,True
27.82,27.82,27.82,False
76.95,,72.888,True
29.39,29.39,29.39,False
1.92,1.92,1.92,False
90.37,90.37,90.37,False
84.77,84.77,84.77,False
24.4,24.4,24.4,False
28.34,28.34,28.34,False
9.95,,70.534,True
72.33,72.33,72.33,False
61.42,61.42,61.42,False
68.83,,61.496000000000016,True
11.11,11.11,11.11,False
1.99,1.99,1.99,False
5.85,5.85,5.85,False
45.75,45.75,45.75,False
93.71,93.71,93.71,False
5.7,5.7,5.7,False
60.57,60.57,60.57,False
89.79,,74.509,True
30.68,30.68,30.68,False
31.56,31.56,31.56,False
98.73,98.73,98.73,False
92.13,92.13,92.13,False
71.14,,47.188,True
73.85,,33.452,True
91.24,,57.802,True
5.4,5.4,5.4,False
77.58,77.58,77.58,False
80.95,80.95,80.95,False
46.07,46.07,46.07,False
52.2,52.2,52.2,False
49.56,49.56,49.56,False
61.78,,42.912,True
66.07,66.07,66.07,False
85.72,,37.461,True
0.98,0.98,0.98,False
21.74,21.74,21.74,False
7.54,7.54,7.54,False
7.08,7.08,7.08,False
71.2,71.2,71.2,False
89.08,89.08,89.08,False
26.31,26.31,26.31,False
21.11,21.11,21.11,False
51.76,51.76,51.76,False
90.91,90.91,90.91,False
89.39,89.39,89.39,False
65.87,65.87,65.87,False
78.16,78.16,78.16,False
24.21,24.21,24.21,False
81.16,,51.07099999999999,True
80.18,,72.949,True
70.0,70.0,70.0,False
9.73,9.73,9.73,False
4.49,4.49,4.49,False
46.75,46.75,46.75,False
63.15,63.15,63.15,False
25.47,25.47,25.47,False
3.97,3.97,3.97,False
19.17,,43.469,True
58.35,58.35,58.35,False
65.08,65.08,65.08,False
3.74,3.74,3.74,False
33.11,,65.80399999999999,True
57.7,57.7,57.7,False
74.68,74.68,74.68,False
86.82,86.82,86.82,False
4.51,4.51,4.51,False
27.0,,73.443,True
82.88,82.88,82.88,False
42.03,42.03,42.03,False
33.85,33.85,33.85,False
94.6,94.6,94.6,False
71.9,71.9,71.9,False
94.23,94.23,94.23,False
76.4,76.4,76.4,False
66.29,,58.46599999999999,True
49.89,,9.575000000000001,True
81.91,81.91,81.91,False
14.54,14.54,14.54,False
33.44,33.44,33.44,False
31.74,31.74,31.74,False
78.11,78.11,78.11,False
8.25,8.25,8.25,False
17.52,17.52,17.52,False
81.89,81.89,81.89,False
37.29,37.29,37.29,False
38.87,38.87,38.87,False
6.57,6.57,6.57,False
17.99,17.99,17.99,False
59.54,59.54,59.54,False
72.14,,36.10099999999999,True
84.64,84.64,84.64,False
32.2,32.2,32.2,False
1.16,1.16,1.16,False
48.71,,35.227999999999994,True
14.28,14.28,14.28,False
37.38,37.38,37.38,False
23.01,23.01,23.01,False
9.77,,51.367999999999995,True
58.64,,28.327999999999996,True
11.29,11.29,11.29,False
90.65,90.65,90.65,False
30.66,30.66,30.66,False
27.02,27.02,27.02,False
56.07,56.07,56.07,False
10.88,10.88,10.88,False
96.13,96.13,96.13,False
88.61,88.61,88.61,False
73.5,,55.838,True
1.17,,46.623999999999995,True
42.02,42.02,42.02,False
59.15,59.15,59.15,False
26.63,,53.503,True
30.49,30.49,30.49,False
14.01,14.01,14.01,False
49.88,49.88,49.88,False
4.84,4.84,4.84,False
75.51,75.51,75.51,False
68.32,,44.965,True
6.37,6.37,6.37,False
97.53,,61.004000000000005,True
12.22,12.22,12.22,False
55.72,55.72,55.72,False
67.77,67.77,67.77,False
98.86,98.86,98.86,False
74.75,74.75,74.75,False
89.11,89.11,89.11,False
89.79,89.79,89.79,False
49.75,49.75,49.75,False
1.05,1.05,1.05,False
26.66,26.66,26.66,False
0.71,,63.943000000000005,True
41.92,41.92,41.92,False
40.05,40.05,40.05,False
73.13,,68.18500000000002,True
33.94,33.94,33.94,False
4.95,,76.23799999999999,True
50.23,,57.93299999999999,True
49.92,49.92,49.92,False
70.24,70.24,70.24,False
85.65,,46.26500000000001,True
64.25,64.25,64.25,False
58.93,58.93,58.93,False
9.24,9.24,9.24,False
50.84,50.84,50.84,False
85.12,85.12,85.12,False
12.13,12.13,12.13,False
6.24,6.24,6.24,False
17.98,17.98,17.98,False
75.2,,76.00800000000001,True
71.88,71.88,71.88,False
12.62,12.62,12.62,False
79.56,79.56,79.56,False
35.37,35.37,35.37,False
98.72,98.72,98.72,False
62.08,,55.07000000000001,True
28.79,28.79,28.79,False
83.45,83.45,83.45,False
88.04,88.04,88.04,False
35.76,35.76,35.76,False
43.19,43.19,43.19,False
92.43,,28.084999999999997,True
40.18,40.18,40.18,False
48.91,48.91,48.91,False
44.84,44.84,44.84,False
51.43,51.43,51.43,False
12.42,12.42,12.42,False
98.91,98.91,98.91,False
64.68,,62.34799999999999,True
41.34,,59.74399999999999,True
52.09,52.09,52.09,False
26.01,26.01,26.01,False
63.97,63.97,63.97,False
42.28,42.28,42.28,False
2.73,,40.269999999999996,True
58.9,,54.556000000000004,True
35.12,35.12,35.12,False
8.31,8.31,8.31,False
84.86,84.86,84.86,False
63.56,,59.789999999999985,True
33.24,33.24,33.24,False
35.11,35.11,35.11,False
49.73,49.73,49.73,False
87.62,,51.242,True
84.09,84.09,84.09,False
36.34,36.34,36.34,False
41.28,41.28,41.28,False
34.78,34.78,34.78,False
88.71,88.71,88.71,False
88.79,,31.354999999999997,True
56.26,,65.346,True
4.34,4.34,4.34,False
85.65,85.65,85.65,False
4.52,4.52,4.52,False
27.19,27.19,27.19,False
45.16,45.16,45.16,False
2.3,2.3,2.3,False
71.54,,46.6,True
27.86,27.86,27.86,False
13.21,13.21,13.21,False
11.89,11.89,11.89,False
76.58,76.58,76.58,False
92.23,92.23,92.23,False
70.7,70.7,70.7,False
2.39,2.39,2.39,False
89.87,89.87,89.87,False
24.28,24.28,24.28,False
58.3,,30.375,True
84.19,84.19,84.19,False
72.02,72.02,72.02,False
0.61,,47.236000000000004,True
89.49,89.49,89.49,False
34.06,,29.151,True
37.66,37.66,37.66,False
69.2,69.2,69.2,False
47.1,47.1,47.1,False
25.7,25.7,25.7,False
16.58,,48.845000000000006,True
61.33,61.33,61.33,False
14.1,14.1,14.1,False
33.88,33.88,33.88,False
87.45,87.45,87.45,False
27.43,27.43,27.43,False
34.03,34.03,34.03,False
6.61,6.61,6.61,False
17.99,17.99,17.99,False
99.77,99.77,99.77,False
61.93,61.93,61.93,False
48.83,48.83,48.83,False
47.99,47.99,47.99,False
47.44,47.44,47.44,False
24.47,24.47,24.47,False
71.03,71.03,71.03,False
59.95,59.95,59.95,False
44.03,44.03,44.03,False
44.69,44.69,44.69,False
70.18,70.18,70.18,False
49.88,49.88,49.88,False
43.88,43.88,43.88,False
57.17,57.17,57.17,False
16.76,16.76,16.76,False
65.06,65.06,65.06,False
34.66,,65.55999999999999,True
49.71,49.71,49.71,False
27.17,27.17,27.17,False
85.73,85.73,85.73,False
55.66,55.66,55.66,False
3.6,3.6,3.6,False
78.28,78.28,78.28,False
70.09,70.09,70.09,False
64.56,64.56,64.56,False
66.65,66.65,66.65,False
60.13,60.13,60.13,False
57.81,57.81,57.81,False
78.71,78.71,78.71,False
63.35,63.35,63.35,False
47.01,,56.02700000000001,True
67.59,67.59,67.59,False
17.49,17.49,17.49,False
75.84,75.84,75.84,False
91.52,91.52,91.52,False
44.05,44.05,44.05,False
40.18,40.18,40.18,False
44.56,44.56,44.56,False
53.89,53.89,53.89,False
88.01,88.01,88.01,False
55.94,55.94,55.94,False
90.48,90.48,90.48,False
40.59,40.59,40.59,False
77.29,77.29,77.29,False
91.02,91.02,91.02,False
46.41,46.41,46.41,False
69.07,69.07,69.07,False
2.3,2.3,2.3,False
33.45,33.45,33.45,False
15.27,15.27,15.27,False
98.59,98.59,98.59,False
30.45,,74.184,True
22.24,,42.428000000000004,True
9.75,9.75,9.75,False
67.55,67.55,67.55,False
26.97,26.97,26.97,False
73.45,,36.916,True
40.01,40.01,40.01,False
52.67,52.67,52.67,False
61.46,61.46,61.46,False
62.72,,50.214999999999996,True
2.65,2.65,2.65,False
33.8,33.8,33.8,False
61.47,61.47,61.47,False
16.82,16.82,16.82,False
73.85,73.85,73.85,False
97.4,,64.09299999999999,True
33.49,,32.736,True
62.21,,70.17399999999999,True
75.86,75.86,75.86,False
98.39,98.39,98.39,False
17.69,17.69,17.69,False
55.14,,36.368,True
82.49,82.49,82.49,False
64.07,64.07,64.07,False
32.0,32.0,32.0,False
39.15,39.15,39.15,False
12.44,12.44,12.44,False
5.07,,36.815999999999995,True
6.18,6.18,6.18,False
55.7,,38.82300000000001,True
47.13,47.13,47.13,False
76.84,76.84,76.84,False
78.46,78.46,78.46,False
56.88,56.88,56.88,False
58.38,58.38,58.38,False
71.36,,49.194,True
48.19,48.19,48.19,False
13.91,,38.544,True
44.51,44.51,44.51,False
55.45,55.45,55.45,False
17.92,17.92,17.92,False
41.37,,56.449,True
24.78,24.78,24.78,False
8.85,8.85,8.85,False
28.13,,59.15899999999999,True
52.59,52.59,52.59,False
79.86,79.86,79.86,False
47.83,47.83,47.83,False
54.26,54.26,54.26,False
78.57,,66.974,True
77.63,77.63,77.63,False
2.27,,23.367,True
59.0,59.0,59.0,False
25.07,25.07,25.07,False
43.65,43.65,43.65,False
41.97,,31.522999999999996,True
56.13,56.13,56.13,False
92.69,92.69,92.69,False
14.38,14.38,14.38,False
57.26,57.26,57.26,False
35.61,35.61,35.61,False
40.68,40.68,40.68,False
31.91,31.91,31.91,False
98.61,,51.49499999999999,True
72.24,72.24,72.24,False
20.76,20.76,20.76,False
93.39,93.39,93.39,False
52.17,52.17,52.17,False
58.86,58.86,58.86,False
23.14,23.14,23.14,False
90.38,,46.289,True
71.08,71.08,71.08,False
53.42,53.42,53.42,False
22.8,22.8,22.8,False
89.71,89.71,89.71,False
99.2,99.2,99.2,False
49.72,49.72,49.72,False
13.26,13.26,13.26,False
26.97,26.97,26.97,False
60.69,60.69,60.69,False
38.69,38.69,38.69,False
74.59,,41.658,True
94.19,94.19,94.19,False
85.18,,57.261999999999986,True
42.4,,37.157,True
34.58,34.58,34.58,False
48.84,48.84,48.84,False
63.93,63.93,63.93,False
55.5,,47.943,True
32.6,32.6,32.6,False
52.79,52.79,52.79,False
36.9,36.9,36.9,False
5.51,5.51,5.51,False
52.2,52.2,52.2,False
68.12,68.12,68.12,False
36.09,36.09,36.09,False
68.1,68.1,68.1,False
10.46,10.46,10.46,False
23.21,23.21,23.21,False
1.89,1.89,1.89,False
48.68,48.68,48.68,False
9.54,9.54,9.54,False
76.26,76.26,76.26,False
55.06,55.06,55.06,False
17.3,17.3,17.3,False
69.39,69.39,69.39,False
8.93,8.93,8.93,False
74.03,74.03,74.03,False
11.72,11.72,11.72,False
21.92,21.92,21.92,False
37.07,37.07,37.07,False
84.09,,60.174,True
58.86,,61.992000000000004,True
54.59,54.59,54.59,False
71.84,71.84,71.84,False
14.15,14.15,14.15,False
28.79,28.79,28.79,False
46.96,46.96,46.96,False
98.03,98.03,98.03,False
92.53,92.53,92.53,False
78.89,78.89,78.89,False
80.0,,81.73400000000001,True
63.14,,47.24299999999999,True
2.1,2.1,2.1,False
14.98,14.98,14.98,False
9.91,9.91,9.91,False
12.96,12.96,12.96,False
19.59,19.59,19.59,False
37.76,37.76,37.76,False
95.8,95.8,95.8,False
4.87,4.87,4.87,False
64.39,64.39,64.39,False
70.36,70.36,70.36,False
35.05,35.05,35.05,False
58.91,58.91,58.91,False
24.07,24.07,24.07,False
97.14,97.14,97.14,False
36.49,36.49,36.49,False
43.99,43.99,43.99,False
79.71,79.71,79.71,False
88.08,,53.620000000000005,True
37.89,37.89,37.89,False
37.94,,57.047000000000004,True
18.11,18.11,18.11,False
65.16,65.16,65.16,False
28.14,,48.57099999999999,True
60.14,60.14,60.14,False
54.98,54.98,54.98,False
58.6,,39.569,True
51.42,51.42,51.42,False
30.28,,36.362,True
32.97,32.97,32.97,False
32.17,32.17,32.17,False
48.2,,54.218,True
